target_id,suite,project,program,tc_category,expected,rnt_dir,metadata_csv,manifest_json,seed_dir,metadata_exists,manifest_exists,seed_dir_exists,metadata_rows,seed_files,unique_content_sha256,reached_rows,triggered_rows,non_rnt_rows,missing_seed_files,duplicate_content_rows,missing_required_field_rows,program_mismatch_rows,placeholder_native_DT_rows,placeholder_tc_root_state_rows,replay_statuses,metadata_statuses,manifest_metadata_status,native_DT_status,tc_root_state_status,status,blocking_reason
CVE_2019_6455,cve,recutils,benchmarks/cve_sources/uafbench/CVE-2019-6455/obj-formtrig-asan64/utils/rec2csv,compound-sequence-lifecycle,true,artifacts/rnt_corpus/CVE_2019_6455,artifacts/rnt_corpus/CVE_2019_6455/metadata.csv,artifacts/rnt_corpus/CVE_2019_6455/manifest.json,artifacts/rnt_corpus/CVE_2019_6455/seeds,true,true,true,2,2,2,2,0,0,0,0,0,0,0,0,kept_rnt,formal_replay_verified_rnt,formal_replay_verified_rnt,computed,computed,formal_ready,
GPAC_3398,cve,gpac,benchmarks/cve_build/gpac-3398-src/bin/gcc/MP4Box,numeric-margin,false,artifacts/rnt_corpus/GPAC_3398,artifacts/rnt_corpus/GPAC_3398/metadata.csv,artifacts/rnt_corpus/GPAC_3398/manifest.json,artifacts/rnt_corpus/GPAC_3398/seeds,true,true,true,0,0,0,0,0,0,0,0,0,0,0,0,,,,,,excluded,"No strict RNT seed found for target_location=sgpd_del_entry: code audit shows the validated av1s path reaches sgpd_del_entry only at the sanitizer-triggering default deleter, while local non-trigger MP4 samples and one-byte PoC-neighbor searches did not hit sgpd_del_entry."
GPAC_3403,cve,gpac,benchmarks/cve_build/gpac-3403-src/bin/gcc/MP4Box,compound-sequence-lifecycle,true,artifacts/rnt_corpus/GPAC_3403,artifacts/rnt_corpus/GPAC_3403/metadata.csv,artifacts/rnt_corpus/GPAC_3403/manifest.json,artifacts/rnt_corpus/GPAC_3403/seeds,true,true,true,1,1,1,1,0,0,0,0,0,0,0,0,kept_rnt,formal_replay_verified_rnt,formal_replay_verified_rnt,computed,computed,formal_ready,
LIBARCHIVE_2925,cve,libarchive,benchmarks/cve_build/libarchive-a819-asan/libarchive_zip_empty_dir_replay,binary-state-null,true,artifacts/rnt_corpus/LIBARCHIVE_2925,artifacts/rnt_corpus/LIBARCHIVE_2925/metadata.csv,artifacts/rnt_corpus/LIBARCHIVE_2925/manifest.json,artifacts/rnt_corpus/LIBARCHIVE_2925/seeds,true,true,true,2,2,2,2,0,0,0,0,0,0,0,0,kept_rnt,formal_replay_verified_rnt,formal_replay_verified_rnt,computed,computed,formal_ready,
LIBARCHIVE_2935,cve,libarchive,benchmarks/cve_build/libarchive-a819-asan/libarchive_write_replay,numeric-margin,true,artifacts/rnt_corpus/LIBARCHIVE_2935,artifacts/rnt_corpus/LIBARCHIVE_2935/metadata.csv,artifacts/rnt_corpus/LIBARCHIVE_2935/manifest.json,artifacts/rnt_corpus/LIBARCHIVE_2935/seeds,true,true,true,1,1,1,1,0,0,0,0,0,0,0,0,kept_rnt,formal_replay_verified_rnt,formal_replay_verified_rnt,computed,computed,formal_ready,
LIBARCHIVE_2936,cve,libarchive,benchmarks/cve_build/libarchive-a819-asan/libarchive_write_replay,binary-state-null,true,artifacts/rnt_corpus/LIBARCHIVE_2936,artifacts/rnt_corpus/LIBARCHIVE_2936/metadata.csv,artifacts/rnt_corpus/LIBARCHIVE_2936/manifest.json,artifacts/rnt_corpus/LIBARCHIVE_2936/seeds,true,true,true,1,1,1,1,0,0,0,0,0,0,0,0,kept_rnt,formal_replay_verified_rnt,formal_replay_verified_rnt,computed,computed,formal_ready,
LIBARCHIVE_2937,cve,libarchive,benchmarks/cve_build/libarchive-a819-asan/libarchive_write_replay,numeric-margin,true,artifacts/rnt_corpus/LIBARCHIVE_2937,artifacts/rnt_corpus/LIBARCHIVE_2937/metadata.csv,artifacts/rnt_corpus/LIBARCHIVE_2937/manifest.json,artifacts/rnt_corpus/LIBARCHIVE_2937/seeds,true,true,true,1,1,1,1,0,0,0,0,0,0,0,0,kept_rnt,formal_replay_verified_rnt,formal_replay_verified_rnt,computed,computed,formal_ready,
LIBARCHIVE_2938,cve,libarchive,benchmarks/cve_build/libarchive-a819-asan/libarchive_write_replay,numeric-margin,true,artifacts/rnt_corpus/LIBARCHIVE_2938,artifacts/rnt_corpus/LIBARCHIVE_2938/metadata.csv,artifacts/rnt_corpus/LIBARCHIVE_2938/manifest.json,artifacts/rnt_corpus/LIBARCHIVE_2938/seeds,true,true,true,1,1,1,1,0,0,0,0,0,0,0,0,kept_rnt,formal_replay_verified_rnt,formal_replay_verified_rnt,computed,computed,formal_ready,
LIBCOAP_CVE_2023_35862,cve,libcoap,benchmarks/cve_build/libcoap-cve-2023-35862-asan/libcoap_oscore_conf_replay,equality/magic,true,artifacts/rnt_corpus/LIBCOAP_CVE_2023_35862,artifacts/rnt_corpus/LIBCOAP_CVE_2023_35862/metadata.csv,artifacts/rnt_corpus/LIBCOAP_CVE_2023_35862/manifest.json,artifacts/rnt_corpus/LIBCOAP_CVE_2023_35862/seeds,true,true,true,1,1,1,1,0,0,0,0,0,0,0,0,kept_rnt,formal_replay_verified_rnt,formal_replay_verified_rnt,computed,computed,formal_ready,
LIBXML2_1107,cve,libxml2,benchmarks/cve_build/libxml2-a7511af0-asan/libxml2_regexp_strdup_fail_replay,binary-state-null,true,artifacts/rnt_corpus/LIBXML2_1107,artifacts/rnt_corpus/LIBXML2_1107/metadata.csv,artifacts/rnt_corpus/LIBXML2_1107/manifest.json,artifacts/rnt_corpus/LIBXML2_1107/seeds,true,true,true,1,1,1,1,0,0,0,0,0,0,0,0,kept_rnt,formal_replay_verified_rnt,formal_replay_verified_rnt,computed,computed,formal_ready,
PCRE2_CVE_2025_58050,cve,pcre2,benchmarks/cve_build/pcre2-cve-2025-58050-asan/pcre2test,equality/magic,true,artifacts/rnt_corpus/PCRE2_CVE_2025_58050,artifacts/rnt_corpus/PCRE2_CVE_2025_58050/metadata.csv,artifacts/rnt_corpus/PCRE2_CVE_2025_58050/manifest.json,artifacts/rnt_corpus/PCRE2_CVE_2025_58050/seeds,true,true,true,1,1,1,1,0,0,0,0,0,0,0,0,kept_rnt,formal_replay_verified_rnt,formal_replay_verified_rnt,computed,computed,formal_ready,
TCPREPLAY_CVE_2020_24265,cve,tcpreplay,benchmarks/cve_build/tcpreplay-cve-2020-24265-release-src/src/tcpprep,equality/magic,true,artifacts/rnt_corpus/TCPREPLAY_CVE_2020_24265,artifacts/rnt_corpus/TCPREPLAY_CVE_2020_24265/metadata.csv,artifacts/rnt_corpus/TCPREPLAY_CVE_2020_24265/manifest.json,artifacts/rnt_corpus/TCPREPLAY_CVE_2020_24265/seeds,true,true,true,2,2,2,2,0,0,0,0,0,0,0,0,kept_rnt,formal_replay_verified_rnt,formal_replay_verified_rnt,computed,computed,formal_ready,
LUA001,magma,lua,lua,numeric-margin,true,artifacts/rnt_corpus/LUA001,artifacts/rnt_corpus/LUA001/metadata.csv,artifacts/rnt_corpus/LUA001/manifest.json,artifacts/rnt_corpus/LUA001/seeds,true,true,true,1,1,1,1,0,0,0,0,0,0,0,0,kept_rnt,formal_replay_verified_rnt,formal_replay_verified_rnt,computed,computed,formal_ready,
LUA002,magma,lua,lua,binary-state-null,true,artifacts/rnt_corpus/LUA002,artifacts/rnt_corpus/LUA002/metadata.csv,artifacts/rnt_corpus/LUA002/manifest.json,artifacts/rnt_corpus/LUA002/seeds,true,true,true,2,2,2,2,0,0,0,0,0,0,0,0,kept_rnt,formal_replay_verified_rnt,formal_replay_verified_rnt,computed,computed,formal_ready,
LUA003,magma,lua,lua,compound-sequence-lifecycle,true,artifacts/rnt_corpus/LUA003,artifacts/rnt_corpus/LUA003/metadata.csv,artifacts/rnt_corpus/LUA003/manifest.json,artifacts/rnt_corpus/LUA003/seeds,true,true,true,1,1,1,1,0,0,0,0,0,0,0,0,kept_rnt,formal_replay_verified_rnt,formal_replay_verified_rnt,computed,computed,formal_ready,
LUA004,magma,lua,lua,numeric-margin,false,artifacts/rnt_corpus/LUA004,artifacts/rnt_corpus/LUA004/metadata.csv,artifacts/rnt_corpus/LUA004/manifest.json,artifacts/rnt_corpus/LUA004/seeds,false,false,false,0,0,0,0,0,0,0,0,0,0,0,0,,,,,,excluded,"No strict RNT seed is available under the current lua runner: source-guided line-hook seeds reach luaG_traceexec but also trigger LUA004, so no R=1,T=0 seed is admitted."
PDF001,magma,poppler,pdf_fuzzer,numeric-margin,true,artifacts/rnt_corpus/PDF001,artifacts/rnt_corpus/PDF001/metadata.csv,artifacts/rnt_corpus/PDF001/manifest.json,artifacts/rnt_corpus/PDF001/seeds,true,true,true,1,1,1,1,0,0,0,0,0,0,0,0,kept_rnt,formal_replay_verified_rnt,formal_replay_verified_rnt,computed,computed,formal_ready,
PDF002,magma,poppler,pdf_fuzzer,numeric-margin,true,artifacts/rnt_corpus/PDF002,artifacts/rnt_corpus/PDF002/metadata.csv,artifacts/rnt_corpus/PDF002/manifest.json,artifacts/rnt_corpus/PDF002/seeds,true,true,true,1,1,1,1,0,0,0,0,0,0,0,0,kept_rnt,formal_replay_verified_rnt,formal_replay_verified_rnt,computed,computed,formal_ready,
PDF003,magma,poppler,pdfimages,binary-state-null,true,artifacts/rnt_corpus/PDF003,artifacts/rnt_corpus/PDF003/metadata.csv,artifacts/rnt_corpus/PDF003/manifest.json,artifacts/rnt_corpus/PDF003/seeds,true,true,true,12,12,12,12,0,0,0,0,0,0,0,0,kept_rnt,formal_replay_verified_rnt,formal_replay_verified_rnt,computed,computed,formal_ready,
PDF004,magma,poppler,pdftoppm,numeric-margin,false,artifacts/rnt_corpus/PDF004,artifacts/rnt_corpus/PDF004/metadata.csv,artifacts/rnt_corpus/PDF004/manifest.json,artifacts/rnt_corpus/PDF004/seeds,false,false,false,0,0,0,0,0,0,0,0,0,0,0,0,,,,,,excluded,"No strict RNT seed is available under pdftoppm: minimal page, vector path fill, and clipping-path candidates reached common Poppler canaries but did not produce PDF004_R in SplashXPathScanner::clipAALine."
PDF005,magma,poppler,pdf_fuzzer,numeric-margin,true,artifacts/rnt_corpus/PDF005,artifacts/rnt_corpus/PDF005/metadata.csv,artifacts/rnt_corpus/PDF005/manifest.json,artifacts/rnt_corpus/PDF005/seeds,true,true,true,1,1,1,1,0,0,0,0,0,0,0,0,kept_rnt,formal_replay_verified_rnt,formal_replay_verified_rnt,computed,computed,formal_ready,
PDF006,magma,poppler,pdftoppm,numeric-margin,true,artifacts/rnt_corpus/PDF006,artifacts/rnt_corpus/PDF006/metadata.csv,artifacts/rnt_corpus/PDF006/manifest.json,artifacts/rnt_corpus/PDF006/seeds,true,true,true,5,5,5,5,0,0,0,0,0,0,0,0,kept_rnt,formal_replay_verified_rnt,formal_replay_verified_rnt,computed,computed,formal_ready,
PDF007,magma,poppler,pdf_fuzzer,numeric-margin,true,artifacts/rnt_corpus/PDF007,artifacts/rnt_corpus/PDF007/metadata.csv,artifacts/rnt_corpus/PDF007/manifest.json,artifacts/rnt_corpus/PDF007/seeds,true,true,true,20,20,20,20,0,0,0,0,0,0,0,0,kept_rnt,formal_replay_verified_rnt,formal_replay_verified_rnt,computed,computed,formal_ready,
PDF008,magma,poppler,pdf_fuzzer,numeric-margin,true,artifacts/rnt_corpus/PDF008,artifacts/rnt_corpus/PDF008/metadata.csv,artifacts/rnt_corpus/PDF008/manifest.json,artifacts/rnt_corpus/PDF008/seeds,true,true,true,1,1,1,1,0,0,0,0,0,0,0,0,kept_rnt,formal_replay_verified_rnt,formal_replay_verified_rnt,computed,computed,formal_ready,
PDF009,magma,poppler,pdf_fuzzer,numeric-margin,true,artifacts/rnt_corpus/PDF009,artifacts/rnt_corpus/PDF009/metadata.csv,artifacts/rnt_corpus/PDF009/manifest.json,artifacts/rnt_corpus/PDF009/seeds,true,true,true,1,1,1,1,0,0,0,0,0,0,0,0,kept_rnt,formal_replay_verified_rnt,formal_replay_verified_rnt,computed,computed,formal_ready,
PDF010,magma,poppler,pdf_fuzzer,binary-state-null,true,artifacts/rnt_corpus/PDF010,artifacts/rnt_corpus/PDF010/metadata.csv,artifacts/rnt_corpus/PDF010/manifest.json,artifacts/rnt_corpus/PDF010/seeds,true,true,true,20,20,20,20,0,0,0,0,0,0,0,0,kept_rnt,formal_replay_verified_rnt,formal_replay_verified_rnt,computed,computed,formal_ready,
PDF011,magma,poppler,pdf_fuzzer,numeric-margin,true,artifacts/rnt_corpus/PDF011,artifacts/rnt_corpus/PDF011/metadata.csv,artifacts/rnt_corpus/PDF011/manifest.json,artifacts/rnt_corpus/PDF011/seeds,true,true,true,20,20,20,20,0,0,0,0,0,0,0,0,kept_rnt,formal_replay_verified_rnt,formal_replay_verified_rnt,computed,computed,formal_ready,
PDF012,magma,poppler,pdf_fuzzer,numeric-margin,true,artifacts/rnt_corpus/PDF012,artifacts/rnt_corpus/PDF012/metadata.csv,artifacts/rnt_corpus/PDF012/manifest.json,artifacts/rnt_corpus/PDF012/seeds,true,true,true,20,20,20,20,0,0,0,0,0,0,0,0,kept_rnt,formal_replay_verified_rnt,formal_replay_verified_rnt,computed,computed,formal_ready,
PDF013,magma,poppler,pdf_fuzzer,compound-sequence-lifecycle,false,artifacts/rnt_corpus/PDF013,artifacts/rnt_corpus/PDF013/metadata.csv,artifacts/rnt_corpus/PDF013/manifest.json,artifacts/rnt_corpus/PDF013/seeds,false,false,false,0,0,0,0,0,0,0,0,0,0,0,0,,,,,,excluded,"No strict RNT seed is available under pdf_fuzzer's current workflow: PDF013 is logged in FileSpec::FileSpec, but pdf_fuzzer only loads pages, renders pages, and extracts text; it does not enumerate embedded-file name trees or construct FileSpec objects from them."
PDF014,magma,poppler,pdf_fuzzer,numeric-margin,true,artifacts/rnt_corpus/PDF014,artifacts/rnt_corpus/PDF014/metadata.csv,artifacts/rnt_corpus/PDF014/manifest.json,artifacts/rnt_corpus/PDF014/seeds,true,true,true,4,4,4,4,0,0,0,0,0,0,0,0,kept_rnt,formal_replay_verified_rnt,formal_replay_verified_rnt,computed,computed,formal_ready,
PDF015,magma,poppler,pdf_fuzzer,compound-sequence-lifecycle,false,artifacts/rnt_corpus/PDF015,artifacts/rnt_corpus/PDF015/metadata.csv,artifacts/rnt_corpus/PDF015/manifest.json,artifacts/rnt_corpus/PDF015/seeds,false,false,false,0,0,0,0,0,0,0,0,0,0,0,0,,,,,,excluded,"No strict RNT seed is available under pdf_fuzzer's current workflow: PDF015 is logged in EmbFile::save, but pdf_fuzzer never saves embedded files to disk; it only renders pages and extracts text."
PDF016,magma,poppler,pdf_fuzzer,compound-sequence-lifecycle,true,artifacts/rnt_corpus/PDF016,artifacts/rnt_corpus/PDF016/metadata.csv,artifacts/rnt_corpus/PDF016/manifest.json,artifacts/rnt_corpus/PDF016/seeds,true,true,true,20,20,20,20,0,0,0,0,0,0,0,0,kept_rnt,formal_replay_verified_rnt,formal_replay_verified_rnt,computed,computed,formal_ready,
PDF017,magma,poppler,pdf_fuzzer,numeric-margin,false,artifacts/rnt_corpus/PDF017,artifacts/rnt_corpus/PDF017/metadata.csv,artifacts/rnt_corpus/PDF017/manifest.json,artifacts/rnt_corpus/PDF017/seeds,false,false,false,0,0,0,0,0,0,0,0,0,0,0,0,,,,,,excluded,"No strict RNT seed is available under pdf_fuzzer: PDF017 is logged in FoFiTrueType::cvtSfnts vertical-metrics conversion, but minimal PDF/font candidates and full corpus replay did not produce PDF017_R."
PDF018,magma,poppler,pdf_fuzzer,compound-sequence-lifecycle,true,artifacts/rnt_corpus/PDF018,artifacts/rnt_corpus/PDF018/metadata.csv,artifacts/rnt_corpus/PDF018/manifest.json,artifacts/rnt_corpus/PDF018/seeds,true,true,true,1,1,1,1,0,0,0,0,0,0,0,0,kept_rnt,formal_replay_verified_rnt,formal_replay_verified_rnt,computed,computed,formal_ready,
PDF019,magma,poppler,pdf_fuzzer,numeric-margin,true,artifacts/rnt_corpus/PDF019,artifacts/rnt_corpus/PDF019/metadata.csv,artifacts/rnt_corpus/PDF019/manifest.json,artifacts/rnt_corpus/PDF019/seeds,true,true,true,1,1,1,1,0,0,0,0,0,0,0,0,kept_rnt,formal_replay_verified_rnt,formal_replay_verified_rnt,computed,computed,formal_ready,
PDF020,magma,poppler,pdf_fuzzer,numeric-margin,false,artifacts/rnt_corpus/PDF020,artifacts/rnt_corpus/PDF020/metadata.csv,artifacts/rnt_corpus/PDF020/manifest.json,artifacts/rnt_corpus/PDF020/seeds,false,false,false,0,0,0,0,0,0,0,0,0,0,0,0,,,,,,excluded,"No strict RNT seed is available under pdf_fuzzer: PDF020 is logged in FoFiType1C::cvtGlyph Type2 charstring conversion, but minimal PDF/font candidates and full corpus replay did not produce PDF020_R."
PDF021,magma,poppler,pdf_fuzzer,numeric-margin,true,artifacts/rnt_corpus/PDF021,artifacts/rnt_corpus/PDF021/metadata.csv,artifacts/rnt_corpus/PDF021/manifest.json,artifacts/rnt_corpus/PDF021/seeds,true,true,true,20,20,20,20,0,0,0,0,0,0,0,0,kept_rnt,formal_replay_verified_rnt,formal_replay_verified_rnt,computed,computed,formal_ready,
PDF022,magma,poppler,pdf_fuzzer,equality/magic,true,artifacts/rnt_corpus/PDF022,artifacts/rnt_corpus/PDF022/metadata.csv,artifacts/rnt_corpus/PDF022/manifest.json,artifacts/rnt_corpus/PDF022/seeds,true,true,true,20,20,20,20,0,0,0,0,0,0,0,0,kept_rnt,formal_replay_verified_rnt,formal_replay_verified_rnt,computed,computed,formal_ready,
PHP001,magma,php,parser,binary-state-null,false,artifacts/rnt_corpus/PHP001,artifacts/rnt_corpus/PHP001/metadata.csv,artifacts/rnt_corpus/PHP001/manifest.json,artifacts/rnt_corpus/PHP001/seeds,false,false,false,0,0,0,0,0,0,0,0,0,0,0,0,,,,,,excluded,"No strict RNT seed is available under php-fuzz-parser: PHP001 is logged in ext/phar runtime archive handling, but php-fuzz-parser only compiles PHP source with execute=false and does not parse phar archives."
PHP002,magma,php,exif,numeric-margin,true,artifacts/rnt_corpus/PHP002,artifacts/rnt_corpus/PHP002/metadata.csv,artifacts/rnt_corpus/PHP002/manifest.json,artifacts/rnt_corpus/PHP002/seeds,true,true,true,16,16,16,16,0,0,0,0,0,0,0,0,kept_rnt,formal_replay_verified_rnt,formal_replay_verified_rnt,computed,computed,formal_ready,
PHP003,magma,php,exif,compound-sequence-lifecycle,true,artifacts/rnt_corpus/PHP003,artifacts/rnt_corpus/PHP003/metadata.csv,artifacts/rnt_corpus/PHP003/manifest.json,artifacts/rnt_corpus/PHP003/seeds,true,true,true,5,5,5,5,0,0,0,0,0,0,0,0,kept_rnt,formal_replay_verified_rnt,formal_replay_verified_rnt,computed,computed,formal_ready,
PHP004,magma,php,exif,numeric-margin,true,artifacts/rnt_corpus/PHP004,artifacts/rnt_corpus/PHP004/metadata.csv,artifacts/rnt_corpus/PHP004/manifest.json,artifacts/rnt_corpus/PHP004/seeds,true,true,true,30,30,30,30,0,0,0,0,0,0,0,0,kept_rnt,formal_replay_verified_rnt,formal_replay_verified_rnt,computed,computed,formal_ready,
PHP005,magma,php,json,numeric-margin,false,artifacts/rnt_corpus/PHP005,artifacts/rnt_corpus/PHP005/metadata.csv,artifacts/rnt_corpus/PHP005/manifest.json,artifacts/rnt_corpus/PHP005/seeds,false,false,false,0,0,0,0,0,0,0,0,0,0,0,0,,,,,,excluded,"No strict RNT seed is available under php-fuzz-json: PHP005 is logged in ext/iconv MIME decoding, while php-fuzz-json directly invokes php_json_yyparse and does not call iconv MIME decode APIs."
PHP006,magma,php,exif,numeric-margin,false,artifacts/rnt_corpus/PHP006,artifacts/rnt_corpus/PHP006/metadata.csv,artifacts/rnt_corpus/PHP006/manifest.json,artifacts/rnt_corpus/PHP006/seeds,false,false,false,0,0,0,0,0,0,0,0,0,0,0,0,,,,,,excluded,"No strict RNT seed is available under php-fuzz-exif: PHP006 is logged in exif_scan_thumbnail, but fuzzer-exif calls exif_read_data with only the stream argument, leaving read_thumbnail=false, so thumbnail extraction/build is skipped and ImageInfo->Thumbnail.data is not populated for thumbnail scanning."
PHP007,magma,php,parser,numeric-margin,false,artifacts/rnt_corpus/PHP007,artifacts/rnt_corpus/PHP007/metadata.csv,artifacts/rnt_corpus/PHP007/manifest.json,artifacts/rnt_corpus/PHP007/seeds,false,false,false,0,0,0,0,0,0,0,0,0,0,0,0,,,,,,excluded,"No strict RNT seed is available under php-fuzz-parser: PHP007 is logged in ext/phar runtime archive parsing, but php-fuzz-parser only compiles PHP source with execute=false and does not parse phar archives."
PHP008,magma,php,json,numeric-margin,false,artifacts/rnt_corpus/PHP008,artifacts/rnt_corpus/PHP008/metadata.csv,artifacts/rnt_corpus/PHP008/manifest.json,artifacts/rnt_corpus/PHP008/seeds,false,false,false,0,0,0,0,0,0,0,0,0,0,0,0,,,,,,excluded,"No strict RNT seed is available under php-fuzz-json: PHP008 is logged in ext/standard DNS response parsing, while php-fuzz-json directly invokes php_json_yyparse and does not call DNS APIs."
PHP009,magma,php,exif,compound-sequence-lifecycle,true,artifacts/rnt_corpus/PHP009,artifacts/rnt_corpus/PHP009/metadata.csv,artifacts/rnt_corpus/PHP009/manifest.json,artifacts/rnt_corpus/PHP009/seeds,true,true,true,31,31,31,31,0,0,0,0,0,0,0,0,kept_rnt,formal_replay_verified_rnt,formal_replay_verified_rnt,computed,computed,formal_ready,
PHP010,magma,php,exif,compound-sequence-lifecycle,false,artifacts/rnt_corpus/PHP010,artifacts/rnt_corpus/PHP010/metadata.csv,artifacts/rnt_corpus/PHP010/manifest.json,artifacts/rnt_corpus/PHP010/seeds,false,false,false,0,0,0,0,0,0,0,0,0,0,0,0,,,,,,excluded,"No strict RNT seed is available under php-fuzz-exif: PHP010 is logged in exif_scan_thumbnail's thumbnail length/size checks, but fuzzer-exif calls exif_read_data with only the stream argument, leaving read_thumbnail=false, so thumbnail extraction/build is skipped and the thumbnail scanner is not reached."
PHP011,magma,php,exif,compound-sequence-lifecycle,true,artifacts/rnt_corpus/PHP011,artifacts/rnt_corpus/PHP011/metadata.csv,artifacts/rnt_corpus/PHP011/manifest.json,artifacts/rnt_corpus/PHP011/seeds,true,true,true,20,20,20,20,0,0,0,0,0,0,0,0,kept_rnt,formal_replay_verified_rnt,formal_replay_verified_rnt,computed,computed,formal_ready,
PHP012,magma,php,json,numeric-margin,false,artifacts/rnt_corpus/PHP012,artifacts/rnt_corpus/PHP012/metadata.csv,artifacts/rnt_corpus/PHP012/manifest.json,artifacts/rnt_corpus/PHP012/seeds,false,false,false,0,0,0,0,0,0,0,0,0,0,0,0,,,,,,excluded,"No strict RNT seed is available under php-fuzz-json: PHP012 is logged in the HTTP stream wrapper response-header path, while php-fuzz-json directly invokes php_json_yyparse and does not open HTTP streams."
PHP013,magma,php,json,numeric-margin,false,artifacts/rnt_corpus/PHP013,artifacts/rnt_corpus/PHP013/metadata.csv,artifacts/rnt_corpus/PHP013/manifest.json,artifacts/rnt_corpus/PHP013/seeds,false,false,false,0,0,0,0,0,0,0,0,0,0,0,0,,,,,,excluded,"No strict RNT seed is available under php-fuzz-json: PHP013 is logged in ext/intl MessageFormat parsing, while php-fuzz-json directly invokes php_json_yyparse and does not call intl APIs."
PHP014,magma,php,json,numeric-margin,false,artifacts/rnt_corpus/PHP014,artifacts/rnt_corpus/PHP014/metadata.csv,artifacts/rnt_corpus/PHP014/manifest.json,artifacts/rnt_corpus/PHP014/seeds,false,false,false,0,0,0,0,0,0,0,0,0,0,0,0,,,,,,excluded,"No strict RNT seed is available under php-fuzz-json: PHP014 is logged in ext/intl locale display-name APIs, while php-fuzz-json directly invokes php_json_yyparse and does not call intl APIs."
PHP015,magma,php,parser,numeric-margin,false,artifacts/rnt_corpus/PHP015,artifacts/rnt_corpus/PHP015/metadata.csv,artifacts/rnt_corpus/PHP015/manifest.json,artifacts/rnt_corpus/PHP015/seeds,false,false,false,0,0,0,0,0,0,0,0,0,0,0,0,,,,,,excluded,"No strict RNT seed is available under php-fuzz-parser: PHP015 is logged in ext/phar runtime archive parsing, but php-fuzz-parser only compiles PHP source with execute=false and does not parse phar archives."
PHP016,magma,php,parser,numeric-margin,false,artifacts/rnt_corpus/PHP016,artifacts/rnt_corpus/PHP016/metadata.csv,artifacts/rnt_corpus/PHP016/manifest.json,artifacts/rnt_corpus/PHP016/seeds,false,false,false,0,0,0,0,0,0,0,0,0,0,0,0,,,,,,excluded,"No strict RNT seed is available under php-fuzz-parser: PHP016 is logged in ext/phar signature verification/zip archive handling, but php-fuzz-parser only compiles PHP source with execute=false and does not parse phar archives."
PNG001,magma,libpng,libpng_read_fuzzer,numeric-margin,true,artifacts/rnt_corpus/PNG001,artifacts/rnt_corpus/PNG001/metadata.csv,artifacts/rnt_corpus/PNG001/manifest.json,artifacts/rnt_corpus/PNG001/seeds,true,true,true,64,64,64,64,0,0,0,0,0,0,0,0,kept_rnt,formal_replay_verified_rnt,formal_replay_verified_rnt,computed,computed,formal_ready,
PNG002,magma,libpng,libpng_read_fuzzer,numeric-margin,false,artifacts/rnt_corpus/PNG002,artifacts/rnt_corpus/PNG002/metadata.csv,artifacts/rnt_corpus/PNG002/manifest.json,artifacts/rnt_corpus/PNG002/seeds,false,false,false,0,0,0,0,0,0,0,0,0,0,0,0,,,,,,excluded,"No strict RNT seed is available under the current Magma program libpng_read_fuzzer: code audit shows PNG002 is logged in png_safe_execute, which belongs to the libpng simplified API cleanup path, while libpng_read_fuzzer uses the low-level png_create_read_struct/png_read_* API and does not call png_safe_execute."
PNG003,magma,libpng,libpng_read_fuzzer,numeric-margin,true,artifacts/rnt_corpus/PNG003,artifacts/rnt_corpus/PNG003/metadata.csv,artifacts/rnt_corpus/PNG003/manifest.json,artifacts/rnt_corpus/PNG003/seeds,true,true,true,4,4,4,4,0,0,0,0,0,0,0,0,kept_rnt,formal_replay_verified_rnt,formal_replay_verified_rnt,computed,computed,formal_ready,
PNG004,magma,libpng,libpng_read_fuzzer,numeric-margin,true,artifacts/rnt_corpus/PNG004,artifacts/rnt_corpus/PNG004/metadata.csv,artifacts/rnt_corpus/PNG004/manifest.json,artifacts/rnt_corpus/PNG004/seeds,true,true,true,2,2,2,2,0,0,0,0,0,0,0,0,kept_rnt,formal_replay_verified_rnt,formal_replay_verified_rnt,computed,computed,formal_ready,
PNG005,magma,libpng,libpng_read_fuzzer,numeric-margin,true,artifacts/rnt_corpus/PNG005,artifacts/rnt_corpus/PNG005/metadata.csv,artifacts/rnt_corpus/PNG005/manifest.json,artifacts/rnt_corpus/PNG005/seeds,true,true,true,4,4,4,4,0,0,0,0,0,0,0,0,kept_rnt,formal_replay_verified_rnt,formal_replay_verified_rnt,computed,computed,formal_ready,
PNG006,magma,libpng,libpng_read_fuzzer,binary-state-null,true,artifacts/rnt_corpus/PNG006,artifacts/rnt_corpus/PNG006/metadata.csv,artifacts/rnt_corpus/PNG006/manifest.json,artifacts/rnt_corpus/PNG006/seeds,true,true,true,4,4,4,4,0,0,0,0,0,0,0,0,kept_rnt,formal_replay_verified_rnt,formal_replay_verified_rnt,computed,computed,formal_ready,
PNG007,magma,libpng,libpng_read_fuzzer,binary-state-null,true,artifacts/rnt_corpus/PNG007,artifacts/rnt_corpus/PNG007/metadata.csv,artifacts/rnt_corpus/PNG007/manifest.json,artifacts/rnt_corpus/PNG007/seeds,true,true,true,64,64,64,64,0,0,0,0,0,0,0,0,kept_rnt,formal_replay_verified_rnt,formal_replay_verified_rnt,computed,computed,formal_ready,
SND001,magma,libsndfile,sndfile_fuzzer,numeric-margin,true,artifacts/rnt_corpus/SND001,artifacts/rnt_corpus/SND001/metadata.csv,artifacts/rnt_corpus/SND001/manifest.json,artifacts/rnt_corpus/SND001/seeds,true,true,true,2,2,2,2,0,0,0,0,0,0,0,0,kept_rnt,formal_replay_verified_rnt,formal_replay_verified_rnt,computed,computed,formal_ready,
SND002,magma,libsndfile,sndfile_fuzzer,numeric-margin,false,artifacts/rnt_corpus/SND002,artifacts/rnt_corpus/SND002/metadata.csv,artifacts/rnt_corpus/SND002/manifest.json,artifacts/rnt_corpus/SND002/seeds,false,false,false,0,0,0,0,0,0,0,0,0,0,0,0,,,,,,excluded,"No strict RNT seed is available under sndfile_fuzzer: SND002 is logged in the SD2 resource-fork parser, but the current harness opens a single in-memory virtual file with SFM_READ and cannot provide the filesystem companion resource fork paths required by psf_open_rsrc."
SND004,magma,libsndfile,sndfile_fuzzer,numeric-margin,false,artifacts/rnt_corpus/SND004,artifacts/rnt_corpus/SND004/metadata.csv,artifacts/rnt_corpus/SND004/manifest.json,artifacts/rnt_corpus/SND004/seeds,false,false,false,0,0,0,0,0,0,0,0,0,0,0,0,,,,,,excluded,"No strict RNT seed is available under sndfile_fuzzer: SND004 is logged in psf_fwrite, but the current harness opens input with sf_open_virtual(..., SFM_READ, ...) and only calls sf_readf_float; its virtual write callback returns 0."
SND005,magma,libsndfile,sndfile_fuzzer,numeric-margin,true,artifacts/rnt_corpus/SND005,artifacts/rnt_corpus/SND005/metadata.csv,artifacts/rnt_corpus/SND005/manifest.json,artifacts/rnt_corpus/SND005/seeds,true,true,true,1,1,1,1,0,0,0,0,0,0,0,0,kept_rnt,formal_replay_verified_rnt,formal_replay_verified_rnt,computed,computed,formal_ready,
SND006,magma,libsndfile,sndfile_fuzzer,numeric-margin,true,artifacts/rnt_corpus/SND006,artifacts/rnt_corpus/SND006/metadata.csv,artifacts/rnt_corpus/SND006/manifest.json,artifacts/rnt_corpus/SND006/seeds,true,true,true,5,5,5,5,0,0,0,0,0,0,0,0,kept_rnt,formal_replay_verified_rnt,formal_replay_verified_rnt,computed,computed,formal_ready,
SND007,magma,libsndfile,sndfile_fuzzer,numeric-margin,true,artifacts/rnt_corpus/SND007,artifacts/rnt_corpus/SND007/metadata.csv,artifacts/rnt_corpus/SND007/manifest.json,artifacts/rnt_corpus/SND007/seeds,true,true,true,5,5,5,5,0,0,0,0,0,0,0,0,kept_rnt,formal_replay_verified_rnt,formal_replay_verified_rnt,computed,computed,formal_ready,
SND010,magma,libsndfile,sndfile_fuzzer,numeric-margin,false,artifacts/rnt_corpus/SND010,artifacts/rnt_corpus/SND010/metadata.csv,artifacts/rnt_corpus/SND010/manifest.json,artifacts/rnt_corpus/SND010/seeds,false,false,false,0,0,0,0,0,0,0,0,0,0,0,0,,,,,,excluded,"No strict RNT seed is available under sndfile_fuzzer: SND010 is logged in psf_binheader_writef while constructing output headers, but the current harness is read-only virtual IO and only calls sf_readf_float."
SND012,magma,libsndfile,sndfile_fuzzer,numeric-margin,false,artifacts/rnt_corpus/SND012,artifacts/rnt_corpus/SND012/metadata.csv,artifacts/rnt_corpus/SND012/manifest.json,artifacts/rnt_corpus/SND012/seeds,false,false,false,0,0,0,0,0,0,0,0,0,0,0,0,,,,,,excluded,"No strict RNT seed is available under sndfile_fuzzer: SND012 is logged in psf_binheader_writef while constructing output headers, but the current harness is read-only virtual IO and only calls sf_readf_float."
SND013,magma,libsndfile,sndfile_fuzzer,numeric-margin,false,artifacts/rnt_corpus/SND013,artifacts/rnt_corpus/SND013/metadata.csv,artifacts/rnt_corpus/SND013/manifest.json,artifacts/rnt_corpus/SND013/seeds,false,false,false,0,0,0,0,0,0,0,0,0,0,0,0,,,,,,excluded,"No strict RNT seed is available under sndfile_fuzzer: SND013 is logged in psf_binheader_writef while constructing output headers, but the current harness is read-only virtual IO and only calls sf_readf_float."
SND014,magma,libsndfile,sndfile_fuzzer,compound-sequence-lifecycle,false,artifacts/rnt_corpus/SND014,artifacts/rnt_corpus/SND014/metadata.csv,artifacts/rnt_corpus/SND014/manifest.json,artifacts/rnt_corpus/SND014/seeds,false,false,false,0,0,0,0,0,0,0,0,0,0,0,0,,,,,,excluded,"No strict RNT seed is available under sndfile_fuzzer: SND014 is logged in A-law encode/write conversion code immediately before psf_fwrite, but the current harness is read-only and only exercises decode/read paths."
SND015,magma,libsndfile,sndfile_fuzzer,equality/magic,false,artifacts/rnt_corpus/SND015,artifacts/rnt_corpus/SND015/metadata.csv,artifacts/rnt_corpus/SND015/manifest.json,artifacts/rnt_corpus/SND015/seeds,false,false,false,0,0,0,0,0,0,0,0,0,0,0,0,,,,,,excluded,"No strict RNT seed is available under sndfile_fuzzer: SND015 is logged in A-law encode/write conversion code immediately before psf_fwrite, but the current harness is read-only and only exercises decode/read paths."
SND016,magma,libsndfile,sndfile_fuzzer,numeric-margin,true,artifacts/rnt_corpus/SND016,artifacts/rnt_corpus/SND016/metadata.csv,artifacts/rnt_corpus/SND016/manifest.json,artifacts/rnt_corpus/SND016/seeds,true,true,true,7,7,7,7,0,0,0,0,0,0,0,0,kept_rnt,formal_replay_verified_rnt,formal_replay_verified_rnt,computed,computed,formal_ready,
SND017,magma,libsndfile,sndfile_fuzzer,numeric-margin,true,artifacts/rnt_corpus/SND017,artifacts/rnt_corpus/SND017/metadata.csv,artifacts/rnt_corpus/SND017/manifest.json,artifacts/rnt_corpus/SND017/seeds,true,true,true,2,2,2,2,0,0,0,0,0,0,0,0,kept_rnt,formal_replay_verified_rnt,formal_replay_verified_rnt,computed,computed,formal_ready,
SND020,magma,libsndfile,sndfile_fuzzer,numeric-margin,true,artifacts/rnt_corpus/SND020,artifacts/rnt_corpus/SND020/metadata.csv,artifacts/rnt_corpus/SND020/manifest.json,artifacts/rnt_corpus/SND020/seeds,true,true,true,2,2,2,2,0,0,0,0,0,0,0,0,kept_rnt,formal_replay_verified_rnt,formal_replay_verified_rnt,computed,computed,formal_ready,
SND022,magma,libsndfile,sndfile_fuzzer,compound-sequence-lifecycle,false,artifacts/rnt_corpus/SND022,artifacts/rnt_corpus/SND022/metadata.csv,artifacts/rnt_corpus/SND022/manifest.json,artifacts/rnt_corpus/SND022/seeds,false,false,false,0,0,0,0,0,0,0,0,0,0,0,0,,,,,,excluded,"No strict RNT seed is available under sndfile_fuzzer: SND022 is logged in u-law encode/write conversion code immediately before psf_fwrite, but the current harness is read-only and only exercises decode/read paths."
SND023,magma,libsndfile,sndfile_fuzzer,equality/magic,false,artifacts/rnt_corpus/SND023,artifacts/rnt_corpus/SND023/metadata.csv,artifacts/rnt_corpus/SND023/manifest.json,artifacts/rnt_corpus/SND023/seeds,false,false,false,0,0,0,0,0,0,0,0,0,0,0,0,,,,,,excluded,"No strict RNT seed is available under sndfile_fuzzer: SND023 is logged in u-law encode/write conversion code immediately before psf_fwrite, but the current harness is read-only and only exercises decode/read paths."
SND024,magma,libsndfile,sndfile_fuzzer,numeric-margin,true,artifacts/rnt_corpus/SND024,artifacts/rnt_corpus/SND024/metadata.csv,artifacts/rnt_corpus/SND024/manifest.json,artifacts/rnt_corpus/SND024/seeds,true,true,true,5,5,5,5,0,0,0,0,0,0,0,0,kept_rnt,formal_replay_verified_rnt,formal_replay_verified_rnt,computed,computed,formal_ready,
SND025,magma,libsndfile,sndfile_fuzzer,numeric-margin,false,artifacts/rnt_corpus/SND025,artifacts/rnt_corpus/SND025/metadata.csv,artifacts/rnt_corpus/SND025/manifest.json,artifacts/rnt_corpus/SND025/seeds,false,false,false,0,0,0,0,0,0,0,0,0,0,0,0,,,,,,excluded,"No strict RNT seed is available under sndfile_fuzzer: SND025 is logged in wav_write_header, but the current harness opens a read-only virtual file and never writes WAV headers."
SQL001,magma,sqlite3,sqlite3_fuzz,numeric-margin,false,artifacts/rnt_corpus/SQL001,artifacts/rnt_corpus/SQL001/metadata.csv,artifacts/rnt_corpus/SQL001/manifest.json,artifacts/rnt_corpus/SQL001/seeds,false,false,false,0,0,0,0,0,0,0,0,0,0,0,0,,,,,,excluded,"No strict RNT seed is available under the current sqlite3_fuzz build: SQL001 is logged in FTS5 fts5HashEntrySort, but FUZZCHECK_OPT comments out SQLITE_ENABLE_FTS5 and local compile options do not include ENABLE_FTS5; CREATE VIRTUAL TABLE ... USING fts5 reports no such module."
SQL002,magma,sqlite3,sqlite3_fuzz,numeric-margin,true,artifacts/rnt_corpus/SQL002,artifacts/rnt_corpus/SQL002/metadata.csv,artifacts/rnt_corpus/SQL002/manifest.json,artifacts/rnt_corpus/SQL002/seeds,true,true,true,20,20,20,20,0,0,0,0,0,0,0,0,kept_rnt,formal_replay_verified_rnt,formal_replay_verified_rnt,computed,computed,formal_ready,
SQL003,magma,sqlite3,sqlite3_fuzz,numeric-margin,true,artifacts/rnt_corpus/SQL003,artifacts/rnt_corpus/SQL003/metadata.csv,artifacts/rnt_corpus/SQL003/manifest.json,artifacts/rnt_corpus/SQL003/seeds,true,true,true,1,1,1,1,0,0,0,0,0,0,0,0,kept_rnt,formal_replay_verified_rnt,formal_replay_verified_rnt,computed,computed,formal_ready,
SQL004,magma,sqlite3,sqlite3_fuzz,numeric-margin,false,artifacts/rnt_corpus/SQL004,artifacts/rnt_corpus/SQL004/metadata.csv,artifacts/rnt_corpus/SQL004/manifest.json,artifacts/rnt_corpus/SQL004/seeds,false,false,false,0,0,0,0,0,0,0,0,0,0,0,0,,,,,,excluded,"No strict RNT seed is available under sqlite3_fuzz: SQL004 is logged in ext/misc/zipfile.c, but the selected harness links ossfuzz.c with sqlite3.c and does not link/register the zipfile extension; source-guided zipfile SQL inputs do not produce SQL004_R."
SQL005,magma,sqlite3,sqlite3_fuzz,equality/magic,false,artifacts/rnt_corpus/SQL005,artifacts/rnt_corpus/SQL005/metadata.csv,artifacts/rnt_corpus/SQL005/manifest.json,artifacts/rnt_corpus/SQL005/seeds,false,false,false,0,0,0,0,0,0,0,0,0,0,0,0,,,,,,excluded,"No strict RNT seed is available under sqlite3_fuzz: SQL005 is logged in ext/misc/zipfile.c's zipfileUpdate path, but the selected harness links ossfuzz.c with sqlite3.c and does not link/register the zipfile extension; source-guided zipfile SQL inputs do not produce SQL005_R."
SQL006,magma,sqlite3,sqlite3_fuzz,numeric-margin,true,artifacts/rnt_corpus/SQL006,artifacts/rnt_corpus/SQL006/metadata.csv,artifacts/rnt_corpus/SQL006/manifest.json,artifacts/rnt_corpus/SQL006/seeds,true,true,true,1,1,1,1,0,0,0,0,0,0,0,0,kept_rnt,formal_replay_verified_rnt,formal_replay_verified_rnt,computed,computed,formal_ready,
SQL007,magma,sqlite3,sqlite3_fuzz,equality/magic,true,artifacts/rnt_corpus/SQL007,artifacts/rnt_corpus/SQL007/metadata.csv,artifacts/rnt_corpus/SQL007/manifest.json,artifacts/rnt_corpus/SQL007/seeds,true,true,true,11,11,11,11,0,0,0,0,0,0,0,0,kept_rnt,formal_replay_verified_rnt,formal_replay_verified_rnt,computed,computed,formal_ready,
SQL008,magma,sqlite3,sqlite3_fuzz,equality/magic,false,artifacts/rnt_corpus/SQL008,artifacts/rnt_corpus/SQL008/metadata.csv,artifacts/rnt_corpus/SQL008/manifest.json,artifacts/rnt_corpus/SQL008/seeds,false,false,false,0,0,0,0,0,0,0,0,0,0,0,0,,,,,,excluded,"No strict RNT seed is available under sqlite3_fuzz: SQL008 is logged in src/shell.c.in tableColumnList, but sqlite3_fuzz executes input SQL through ossfuzz.c/sqlite3_exec and does not link or execute the CLI shell tableColumnList path."
SQL009,magma,sqlite3,sqlite3_fuzz,compound-sequence-lifecycle,true,artifacts/rnt_corpus/SQL009,artifacts/rnt_corpus/SQL009/metadata.csv,artifacts/rnt_corpus/SQL009/manifest.json,artifacts/rnt_corpus/SQL009/seeds,true,true,true,1,1,1,1,0,0,0,0,0,0,0,0,kept_rnt,formal_replay_verified_rnt,formal_replay_verified_rnt,computed,computed,formal_ready,
SQL010,magma,sqlite3,sqlite3_fuzz,numeric-margin,true,artifacts/rnt_corpus/SQL010,artifacts/rnt_corpus/SQL010/metadata.csv,artifacts/rnt_corpus/SQL010/manifest.json,artifacts/rnt_corpus/SQL010/seeds,true,true,true,8,8,8,8,0,0,0,0,0,0,0,0,kept_rnt,formal_replay_verified_rnt,formal_replay_verified_rnt,computed,computed,formal_ready,
SQL011,magma,sqlite3,sqlite3_fuzz,numeric-margin,true,artifacts/rnt_corpus/SQL011,artifacts/rnt_corpus/SQL011/metadata.csv,artifacts/rnt_corpus/SQL011/manifest.json,artifacts/rnt_corpus/SQL011/seeds,true,true,true,1,1,1,1,0,0,0,0,0,0,0,0,kept_rnt,formal_replay_verified_rnt,formal_replay_verified_rnt,computed,computed,formal_ready,
SQL012,magma,sqlite3,sqlite3_fuzz,numeric-margin,true,artifacts/rnt_corpus/SQL012,artifacts/rnt_corpus/SQL012/metadata.csv,artifacts/rnt_corpus/SQL012/manifest.json,artifacts/rnt_corpus/SQL012/seeds,true,true,true,1,1,1,1,0,0,0,0,0,0,0,0,kept_rnt,formal_replay_verified_rnt,formal_replay_verified_rnt,computed,computed,formal_ready,
SQL013,magma,sqlite3,sqlite3_fuzz,compound-sequence-lifecycle,true,artifacts/rnt_corpus/SQL013,artifacts/rnt_corpus/SQL013/metadata.csv,artifacts/rnt_corpus/SQL013/manifest.json,artifacts/rnt_corpus/SQL013/seeds,true,true,true,64,64,64,64,0,0,0,0,0,0,0,0,kept_rnt,formal_replay_verified_rnt,formal_replay_verified_rnt,computed,computed,formal_ready,
SQL014,magma,sqlite3,sqlite3_fuzz,numeric-margin,true,artifacts/rnt_corpus/SQL014,artifacts/rnt_corpus/SQL014/metadata.csv,artifacts/rnt_corpus/SQL014/manifest.json,artifacts/rnt_corpus/SQL014/seeds,true,true,true,2,2,2,2,0,0,0,0,0,0,0,0,kept_rnt,formal_replay_verified_rnt,formal_replay_verified_rnt,computed,computed,formal_ready,
SQL015,magma,sqlite3,sqlite3_fuzz,compound-sequence-lifecycle,true,artifacts/rnt_corpus/SQL015,artifacts/rnt_corpus/SQL015/metadata.csv,artifacts/rnt_corpus/SQL015/manifest.json,artifacts/rnt_corpus/SQL015/seeds,true,true,true,8,8,8,8,0,0,0,0,0,0,0,0,kept_rnt,formal_replay_verified_rnt,formal_replay_verified_rnt,computed,computed,formal_ready,
SQL016,magma,sqlite3,sqlite3_fuzz,numeric-margin,true,artifacts/rnt_corpus/SQL016,artifacts/rnt_corpus/SQL016/metadata.csv,artifacts/rnt_corpus/SQL016/manifest.json,artifacts/rnt_corpus/SQL016/seeds,true,true,true,8,8,8,8,0,0,0,0,0,0,0,0,kept_rnt,formal_replay_verified_rnt,formal_replay_verified_rnt,computed,computed,formal_ready,
SQL017,magma,sqlite3,sqlite3_fuzz,numeric-margin,true,artifacts/rnt_corpus/SQL017,artifacts/rnt_corpus/SQL017/metadata.csv,artifacts/rnt_corpus/SQL017/manifest.json,artifacts/rnt_corpus/SQL017/seeds,true,true,true,5,5,5,5,0,0,0,0,0,0,0,0,kept_rnt,formal_replay_verified_rnt,formal_replay_verified_rnt,computed,computed,formal_ready,
SQL018,magma,sqlite3,sqlite3_fuzz,equality/magic,true,artifacts/rnt_corpus/SQL018,artifacts/rnt_corpus/SQL018/metadata.csv,artifacts/rnt_corpus/SQL018/manifest.json,artifacts/rnt_corpus/SQL018/seeds,true,true,true,6,6,6,6,0,0,0,0,0,0,0,0,kept_rnt,formal_replay_verified_rnt,formal_replay_verified_rnt,computed,computed,formal_ready,
SQL019,magma,sqlite3,sqlite3_fuzz,numeric-margin,true,artifacts/rnt_corpus/SQL019,artifacts/rnt_corpus/SQL019/metadata.csv,artifacts/rnt_corpus/SQL019/manifest.json,artifacts/rnt_corpus/SQL019/seeds,true,true,true,2,2,2,2,0,0,0,0,0,0,0,0,kept_rnt,formal_replay_verified_rnt,formal_replay_verified_rnt,computed,computed,formal_ready,
SQL020,magma,sqlite3,sqlite3_fuzz,numeric-margin,true,artifacts/rnt_corpus/SQL020,artifacts/rnt_corpus/SQL020/metadata.csv,artifacts/rnt_corpus/SQL020/manifest.json,artifacts/rnt_corpus/SQL020/seeds,true,true,true,1,1,1,1,0,0,0,0,0,0,0,0,kept_rnt,formal_replay_verified_rnt,formal_replay_verified_rnt,computed,computed,formal_ready,
SSL001,magma,openssl,asn1,equality/magic,true,artifacts/rnt_corpus/SSL001,artifacts/rnt_corpus/SSL001/metadata.csv,artifacts/rnt_corpus/SSL001/manifest.json,artifacts/rnt_corpus/SSL001/seeds,true,true,true,1,1,1,1,0,0,0,0,0,0,0,0,kept_rnt,formal_replay_verified_rnt,formal_replay_verified_rnt,computed,computed,formal_ready,
SSL002,magma,openssl,server,binary-state-null,true,artifacts/rnt_corpus/SSL002,artifacts/rnt_corpus/SSL002/metadata.csv,artifacts/rnt_corpus/SSL002/manifest.json,artifacts/rnt_corpus/SSL002/seeds,true,true,true,20,20,20,20,0,0,0,0,0,0,0,0,kept_rnt,formal_replay_verified_rnt,formal_replay_verified_rnt,computed,computed,formal_ready,
SSL003,magma,openssl,asn1,numeric-margin,true,artifacts/rnt_corpus/SSL003,artifacts/rnt_corpus/SSL003/metadata.csv,artifacts/rnt_corpus/SSL003/manifest.json,artifacts/rnt_corpus/SSL003/seeds,true,true,true,20,20,20,20,0,0,0,0,0,0,0,0,kept_rnt,formal_replay_verified_rnt,formal_replay_verified_rnt,computed,computed,formal_ready,
SSL004,magma,openssl,x509,numeric-margin,false,artifacts/rnt_corpus/SSL004,artifacts/rnt_corpus/SSL004/metadata.csv,artifacts/rnt_corpus/SSL004/manifest.json,artifacts/rnt_corpus/SSL004/seeds,false,false,false,0,0,0,0,0,0,0,0,0,0,0,0,,,,,,excluded,"No strict RNT seed is available under x509: SSL004 is guarded by CHARSET_EBCDIC in X509_NAME_oneline, and the current OpenSSL build is not an EBCDIC target."
SSL005,magma,openssl,server,compound-sequence-lifecycle,true,artifacts/rnt_corpus/SSL005,artifacts/rnt_corpus/SSL005/metadata.csv,artifacts/rnt_corpus/SSL005/manifest.json,artifacts/rnt_corpus/SSL005/seeds,true,true,true,20,20,20,20,0,0,0,0,0,0,0,0,kept_rnt,formal_replay_verified_rnt,formal_replay_verified_rnt,computed,computed,formal_ready,
SSL006,magma,openssl,asn1,numeric-margin,false,artifacts/rnt_corpus/SSL006,artifacts/rnt_corpus/SSL006/metadata.csv,artifacts/rnt_corpus/SSL006/manifest.json,artifacts/rnt_corpus/SSL006/seeds,false,false,false,0,0,0,0,0,0,0,0,0,0,0,0,,,,,,excluded,"No strict RNT seed is available under asn1: SSL006 is logged in EVP_EncodeUpdate, but the selected asn1 runner does not exercise the EVP base64 encoder and corpus/source-guided replays did not produce SSL006_R."
SSL007,magma,openssl,asn1,numeric-margin,false,artifacts/rnt_corpus/SSL007,artifacts/rnt_corpus/SSL007/metadata.csv,artifacts/rnt_corpus/SSL007/manifest.json,artifacts/rnt_corpus/SSL007/seeds,false,false,false,0,0,0,0,0,0,0,0,0,0,0,0,,,,,,excluded,"No strict RNT seed is available under asn1: SSL007 is logged in MDC2_Update, but the selected asn1 runner does not exercise MDC2 digest update and corpus/source-guided replays did not produce SSL007_R."
SSL008,magma,openssl,server,binary-state-null,false,artifacts/rnt_corpus/SSL008,artifacts/rnt_corpus/SSL008/metadata.csv,artifacts/rnt_corpus/SSL008/manifest.json,artifacts/rnt_corpus/SSL008/seeds,false,false,false,0,0,0,0,0,0,0,0,0,0,0,0,,,,,,excluded,"No strict RNT seed is available under server: SSL008 is logged in client key-exchange construction, while the selected server runner processes client bytes as a server and does not construct client key exchange messages."
SSL009,magma,openssl,x509,compound-sequence-lifecycle,true,artifacts/rnt_corpus/SSL009,artifacts/rnt_corpus/SSL009/metadata.csv,artifacts/rnt_corpus/SSL009/manifest.json,artifacts/rnt_corpus/SSL009/seeds,true,true,true,20,20,20,20,0,0,0,0,0,0,0,0,kept_rnt,formal_replay_verified_rnt,formal_replay_verified_rnt,computed,computed,formal_ready,
SSL010,magma,openssl,bignum,numeric-margin,true,artifacts/rnt_corpus/SSL010,artifacts/rnt_corpus/SSL010/metadata.csv,artifacts/rnt_corpus/SSL010/manifest.json,artifacts/rnt_corpus/SSL010/seeds,true,true,true,20,20,20,20,0,0,0,0,0,0,0,0,kept_rnt,formal_replay_verified_rnt,formal_replay_verified_rnt,computed,computed,formal_ready,
SSL011,magma,openssl,pkcs7_decode,binary-state-null,true,artifacts/rnt_corpus/SSL011,artifacts/rnt_corpus/SSL011/metadata.csv,artifacts/rnt_corpus/SSL011/manifest.json,artifacts/rnt_corpus/SSL011/seeds,true,true,true,1,1,1,1,0,0,0,0,0,0,0,0,kept_rnt,formal_replay_verified_rnt,formal_replay_verified_rnt,computed,computed,formal_ready,
SSL012,magma,openssl,x509,binary-state-null,false,artifacts/rnt_corpus/SSL012,artifacts/rnt_corpus/SSL012/metadata.csv,artifacts/rnt_corpus/SSL012/manifest.json,artifacts/rnt_corpus/SSL012/seeds,false,false,false,0,0,0,0,0,0,0,0,0,0,0,0,,,,,,excluded,"No strict RNT seed is available under x509: SSL012 is logged in X509_to_X509_REQ, but the selected x509 runner parses/prints/hashes/serializes X509 certificates and does not convert X509 to certificate requests."
SSL013,magma,openssl,asn1,numeric-margin,false,artifacts/rnt_corpus/SSL013,artifacts/rnt_corpus/SSL013/metadata.csv,artifacts/rnt_corpus/SSL013/manifest.json,artifacts/rnt_corpus/SSL013/seeds,false,false,false,0,0,0,0,0,0,0,0,0,0,0,0,,,,,,excluded,"No strict RNT seed is available under asn1: SSL013 is logged in rsa_item_verify, but the selected asn1 runner does not perform RSA-PSS signature verification and corpus/source-guided replays did not produce SSL013_R."
SSL014,magma,openssl,asn1,numeric-margin,false,artifacts/rnt_corpus/SSL014,artifacts/rnt_corpus/SSL014/metadata.csv,artifacts/rnt_corpus/SSL014/manifest.json,artifacts/rnt_corpus/SSL014/seeds,false,false,false,0,0,0,0,0,0,0,0,0,0,0,0,,,,,,excluded,"No strict RNT seed is available under asn1: SSL014 is logged in ASN1_TYPE_cmp, but the selected asn1 runner does not compare ASN1_TYPE objects and corpus/source-guided replays did not produce SSL014_R."
SSL015,magma,openssl,pkcs7_decode,binary-state-null,true,artifacts/rnt_corpus/SSL015,artifacts/rnt_corpus/SSL015/metadata.csv,artifacts/rnt_corpus/SSL015/manifest.json,artifacts/rnt_corpus/SSL015/seeds,true,true,true,32,32,32,32,0,0,0,0,0,0,0,0,kept_rnt,formal_replay_verified_rnt,formal_replay_verified_rnt,computed,computed,formal_ready,
SSL016,magma,openssl,bignum,equality/magic,false,artifacts/rnt_corpus/SSL016,artifacts/rnt_corpus/SSL016/metadata.csv,artifacts/rnt_corpus/SSL016/manifest.json,artifacts/rnt_corpus/SSL016/seeds,false,false,false,0,0,0,0,0,0,0,0,0,0,0,0,,,,,,excluded,"No strict RNT seed is available under the selected bignum runner: SSL016 is logged in BN_GF2m_mod_inv_vartime, but bignum only calls BN_mod_exp/BN_mod_exp_simple; SSL016_R appears only in non-selected asn1/x509 replays and would be a program mismatch for this inventory row."
SSL017,magma,openssl,x509,binary-state-null,false,artifacts/rnt_corpus/SSL017,artifacts/rnt_corpus/SSL017/metadata.csv,artifacts/rnt_corpus/SSL017/manifest.json,artifacts/rnt_corpus/SSL017/seeds,false,false,false,0,0,0,0,0,0,0,0,0,0,0,0,,,,,,excluded,"No strict RNT seed is available under x509: SSL017 is logged in CRL selection get_crl_sk, but the x509 runner does not run certificate path validation with CRL stores and corpus/source-guided replays did not produce SSL017_R."
SSL018,magma,openssl,server,numeric-margin,false,artifacts/rnt_corpus/SSL018,artifacts/rnt_corpus/SSL018/metadata.csv,artifacts/rnt_corpus/SSL018/manifest.json,artifacts/rnt_corpus/SSL018/seeds,false,false,false,0,0,0,0,0,0,0,0,0,0,0,0,,,,,,excluded,"No strict RNT seed is available under server: SSL018 is logged in DTLS fragment preprocessing, but full server corpus replay and source-guided DTLS-shaped candidates did not produce SSL018_R under the selected server runner."
SSL019,magma,openssl,server,numeric-margin,true,artifacts/rnt_corpus/SSL019,artifacts/rnt_corpus/SSL019/metadata.csv,artifacts/rnt_corpus/SSL019/manifest.json,artifacts/rnt_corpus/SSL019/seeds,true,true,true,20,20,20,20,0,0,0,0,0,0,0,0,kept_rnt,formal_replay_verified_rnt,formal_replay_verified_rnt,computed,computed,formal_ready,
SSL020,magma,openssl,server,numeric-margin,true,artifacts/rnt_corpus/SSL020,artifacts/rnt_corpus/SSL020/metadata.csv,artifacts/rnt_corpus/SSL020/manifest.json,artifacts/rnt_corpus/SSL020/seeds,true,true,true,12,12,12,12,0,0,0,0,0,0,0,0,kept_rnt,formal_replay_verified_rnt,formal_replay_verified_rnt,computed,computed,formal_ready,
TIF001,magma,libtiff,tiff_read_rgba_fuzzer,numeric-margin,true,artifacts/rnt_corpus/TIF001,artifacts/rnt_corpus/TIF001/metadata.csv,artifacts/rnt_corpus/TIF001/manifest.json,artifacts/rnt_corpus/TIF001/seeds,true,true,true,2,2,2,2,0,0,0,0,0,0,0,0,kept_rnt,formal_replay_verified_rnt,formal_replay_verified_rnt,computed,computed,formal_ready,
TIF002,magma,libtiff,tiff_read_rgba_fuzzer,numeric-margin,true,artifacts/rnt_corpus/TIF002,artifacts/rnt_corpus/TIF002/metadata.csv,artifacts/rnt_corpus/TIF002/manifest.json,artifacts/rnt_corpus/TIF002/seeds,true,true,true,1,1,1,1,0,0,0,0,0,0,0,0,kept_rnt,formal_replay_verified_rnt,formal_replay_verified_rnt,computed,computed,formal_ready,
TIF003,magma,libtiff,tiff_read_rgba_fuzzer,equality/magic,true,artifacts/rnt_corpus/TIF003,artifacts/rnt_corpus/TIF003/metadata.csv,artifacts/rnt_corpus/TIF003/manifest.json,artifacts/rnt_corpus/TIF003/seeds,true,true,true,20,20,20,20,0,0,0,0,0,0,0,0,kept_rnt,formal_replay_verified_rnt,formal_replay_verified_rnt,computed,computed,formal_ready,
TIF004,magma,libtiff,tiff_read_rgba_fuzzer,numeric-margin,false,artifacts/rnt_corpus/TIF004,artifacts/rnt_corpus/TIF004/metadata.csv,artifacts/rnt_corpus/TIF004/manifest.json,artifacts/rnt_corpus/TIF004/seeds,false,false,false,0,0,0,0,0,0,0,0,0,0,0,0,,,,,,excluded,"No strict RNT seed was available for Phase4 under the current corpus and source-guided generators: TIF004 is logged in the legacy OJPEG decoder, but full corpus replay and source-guided OJPEG/JPEGInterchangeFormat candidates did not reach OJPEGDecode under tiff_read_rgba_fuzzer."
TIF005,magma,libtiff,tiff_read_rgba_fuzzer,numeric-margin,false,artifacts/rnt_corpus/TIF005,artifacts/rnt_corpus/TIF005/metadata.csv,artifacts/rnt_corpus/TIF005/manifest.json,artifacts/rnt_corpus/TIF005/seeds,false,false,false,0,0,0,0,0,0,0,0,0,0,0,0,,,,,,excluded,"No strict RNT seed is available under tiff_read_rgba_fuzzer: TIF005 is logged in LogLuvClose, but the current harness is read-only; TIFFCleanup does not flush/write directories in O_RDONLY mode, so codec close hooks used for output directory normalization are not reached."
TIF006,magma,libtiff,tiff_read_rgba_fuzzer,numeric-margin,false,artifacts/rnt_corpus/TIF006,artifacts/rnt_corpus/TIF006/metadata.csv,artifacts/rnt_corpus/TIF006/manifest.json,artifacts/rnt_corpus/TIF006/seeds,false,false,false,0,0,0,0,0,0,0,0,0,0,0,0,,,,,,excluded,"No strict RNT seed is available under tiff_read_rgba_fuzzer: TIF006 is logged in PixarLogClose, but the current harness is read-only; TIFFCleanup does not flush/write directories in O_RDONLY mode, so codec close hooks used for output directory normalization are not reached."
TIF007,magma,libtiff,tiff_read_rgba_fuzzer,numeric-margin,true,artifacts/rnt_corpus/TIF007,artifacts/rnt_corpus/TIF007/metadata.csv,artifacts/rnt_corpus/TIF007/manifest.json,artifacts/rnt_corpus/TIF007/seeds,true,true,true,1,1,1,1,0,0,0,0,0,0,0,0,kept_rnt,formal_replay_verified_rnt,formal_replay_verified_rnt,computed,computed,formal_ready,
TIF008,magma,libtiff,tiff_read_rgba_fuzzer,numeric-margin,true,artifacts/rnt_corpus/TIF008,artifacts/rnt_corpus/TIF008/metadata.csv,artifacts/rnt_corpus/TIF008/manifest.json,artifacts/rnt_corpus/TIF008/seeds,true,true,true,1,1,1,1,0,0,0,0,0,0,0,0,kept_rnt,formal_replay_verified_rnt,formal_replay_verified_rnt,computed,computed,formal_ready,
TIF009,magma,libtiff,tiff_read_rgba_fuzzer,binary-state-null,false,artifacts/rnt_corpus/TIF009,artifacts/rnt_corpus/TIF009/metadata.csv,artifacts/rnt_corpus/TIF009/manifest.json,artifacts/rnt_corpus/TIF009/seeds,false,false,false,0,0,0,0,0,0,0,0,0,0,0,0,,,,,,excluded,"No strict RNT seed is available under tiff_read_rgba_fuzzer: TIF009 is logged in TIFFWriteDirectoryTagTransferfunction, but the current harness only reads RGBA pixels and never writes TIFF directories."
TIF010,magma,libtiff,tiff_read_rgba_fuzzer,numeric-margin,false,artifacts/rnt_corpus/TIF010,artifacts/rnt_corpus/TIF010/metadata.csv,artifacts/rnt_corpus/TIF010/manifest.json,artifacts/rnt_corpus/TIF010/seeds,false,false,false,0,0,0,0,0,0,0,0,0,0,0,0,,,,,,excluded,"No strict RNT seed was available for Phase4 under the current corpus and source-guided generators: TIF010 is logged in LZWDecodeCompat, which requires old-style bit-reversed LZW streams; full corpus replay and source-guided 00 01 compatibility-prefix candidates did not reach LZWDecodeCompat under tiff_read_rgba_fuzzer."
TIF011,magma,libtiff,tiff_read_rgba_fuzzer,compound-sequence-lifecycle,false,artifacts/rnt_corpus/TIF011,artifacts/rnt_corpus/TIF011/metadata.csv,artifacts/rnt_corpus/TIF011/manifest.json,artifacts/rnt_corpus/TIF011/seeds,false,false,false,0,0,0,0,0,0,0,0,0,0,0,0,,,,,,excluded,"No strict RNT seed is available under tiff_read_rgba_fuzzer: TIF011 is logged in TIFFPrintDirectory, but the current harness never calls TIFFPrintDirectory or any print path."
TIF012,magma,libtiff,tiff_read_rgba_fuzzer,binary-state-null,true,artifacts/rnt_corpus/TIF012,artifacts/rnt_corpus/TIF012/metadata.csv,artifacts/rnt_corpus/TIF012/manifest.json,artifacts/rnt_corpus/TIF012/seeds,true,true,true,20,20,20,20,0,0,0,0,0,0,0,0,kept_rnt,formal_replay_verified_rnt,formal_replay_verified_rnt,computed,computed,formal_ready,
TIF013,magma,libtiff,tiff_read_rgba_fuzzer,numeric-margin,false,artifacts/rnt_corpus/TIF013,artifacts/rnt_corpus/TIF013/metadata.csv,artifacts/rnt_corpus/TIF013/manifest.json,artifacts/rnt_corpus/TIF013/seeds,false,false,false,0,0,0,0,0,0,0,0,0,0,0,0,,,,,,excluded,"No strict RNT seed is available in the current libtiff build: TIF013 is logged in JBIGDecode, but JBIG_SUPPORT is undefined in libtiff/tiffconf.h, so the JBIG codec implementation is not compiled into this target."
TIF014,magma,libtiff,tiff_read_rgba_fuzzer,compound-sequence-lifecycle,true,artifacts/rnt_corpus/TIF014,artifacts/rnt_corpus/TIF014/metadata.csv,artifacts/rnt_corpus/TIF014/manifest.json,artifacts/rnt_corpus/TIF014/seeds,true,true,true,1,1,1,1,0,0,0,0,0,0,0,0,kept_rnt,formal_replay_verified_rnt,formal_replay_verified_rnt,computed,computed,formal_ready,
XML001,magma,libxml2,xmllint,numeric-margin,true,artifacts/rnt_corpus/XML001,artifacts/rnt_corpus/XML001/metadata.csv,artifacts/rnt_corpus/XML001/manifest.json,artifacts/rnt_corpus/XML001/seeds,true,true,true,5,5,5,5,0,0,0,0,0,0,0,0,kept_rnt,formal_replay_verified_rnt,formal_replay_verified_rnt,computed,computed,formal_ready,
XML002,magma,libxml2,xmllint,compound-sequence-lifecycle,false,artifacts/rnt_corpus/XML002,artifacts/rnt_corpus/XML002/metadata.csv,artifacts/rnt_corpus/XML002/manifest.json,artifacts/rnt_corpus/XML002/seeds,false,false,false,0,0,0,0,0,0,0,0,0,0,0,0,,,,,,excluded,"No strict RNT seed can exist because XML002's Magma canary expression is constant 1 at the observation point, so any reached execution is necessarily triggered."
XML003,magma,libxml2,libxml2_xml_read_memory_fuzzer,compound-sequence-lifecycle,true,artifacts/rnt_corpus/XML003,artifacts/rnt_corpus/XML003/metadata.csv,artifacts/rnt_corpus/XML003/manifest.json,artifacts/rnt_corpus/XML003/seeds,true,true,true,6,6,6,6,0,0,0,0,0,0,0,0,kept_rnt,formal_replay_verified_rnt,formal_replay_verified_rnt,computed,computed,formal_ready,
XML004,magma,libxml2,libxml2_xml_read_memory_fuzzer,compound-sequence-lifecycle,false,artifacts/rnt_corpus/XML004,artifacts/rnt_corpus/XML004/metadata.csv,artifacts/rnt_corpus/XML004/manifest.json,artifacts/rnt_corpus/XML004/seeds,false,false,false,0,0,0,0,0,0,0,0,0,0,0,0,,,,,,excluded,"No strict RNT seed is available under the selected runner: XML004 is logged in xzlib.c's compressed file I/O path, while libxml2_xml_read_memory_fuzzer calls xmlReadMemory on an in-memory buffer and does not open an xz-backed file through xmlIO."
XML005,magma,libxml2,libxml2_xml_read_memory_fuzzer,numeric-margin,false,artifacts/rnt_corpus/XML005,artifacts/rnt_corpus/XML005/metadata.csv,artifacts/rnt_corpus/XML005/manifest.json,artifacts/rnt_corpus/XML005/seeds,false,false,false,0,0,0,0,0,0,0,0,0,0,0,0,,,,,,excluded,"No strict RNT seed is available under libxml2_xml_read_memory_fuzzer: XML005 is logged in debug/location memory-allocation wrappers, but full corpus and source-guided xmlReadMemory replays did not produce XML005_R."
XML006,magma,libxml2,xmllint,numeric-margin,true,artifacts/rnt_corpus/XML006,artifacts/rnt_corpus/XML006/metadata.csv,artifacts/rnt_corpus/XML006/manifest.json,artifacts/rnt_corpus/XML006/seeds,true,true,true,5,5,5,5,0,0,0,0,0,0,0,0,kept_rnt,formal_replay_verified_rnt,formal_replay_verified_rnt,computed,computed,formal_ready,
XML007,magma,libxml2,libxml2_xml_read_memory_fuzzer,numeric-margin,false,artifacts/rnt_corpus/XML007,artifacts/rnt_corpus/XML007/metadata.csv,artifacts/rnt_corpus/XML007/manifest.json,artifacts/rnt_corpus/XML007/seeds,false,false,false,0,0,0,0,0,0,0,0,0,0,0,0,,,,,,excluded,"No strict RNT seed is available under the current Magma runner: XML007 is logged in HTMLparser.c, but the selected runner libxml2_xml_read_memory_fuzzer calls xmlReadMemory and the configured xmllint runner does not use --html."
XML008,magma,libxml2,libxml2_xml_read_memory_fuzzer,numeric-margin,true,artifacts/rnt_corpus/XML008,artifacts/rnt_corpus/XML008/metadata.csv,artifacts/rnt_corpus/XML008/manifest.json,artifacts/rnt_corpus/XML008/seeds,true,true,true,1,1,1,1,0,0,0,0,0,0,0,0,kept_rnt,formal_replay_verified_rnt,formal_replay_verified_rnt,computed,computed,formal_ready,
XML009,magma,libxml2,libxml2_xml_read_memory_fuzzer,numeric-margin,true,artifacts/rnt_corpus/XML009,artifacts/rnt_corpus/XML009/metadata.csv,artifacts/rnt_corpus/XML009/manifest.json,artifacts/rnt_corpus/XML009/seeds,true,true,true,19,19,19,19,0,0,0,0,0,0,0,0,kept_rnt,formal_replay_verified_rnt,formal_replay_verified_rnt,computed,computed,formal_ready,
XML010,magma,libxml2,libxml2_xml_read_memory_fuzzer,compound-sequence-lifecycle,false,artifacts/rnt_corpus/XML010,artifacts/rnt_corpus/XML010/metadata.csv,artifacts/rnt_corpus/XML010/manifest.json,artifacts/rnt_corpus/XML010/seeds,false,false,false,0,0,0,0,0,0,0,0,0,0,0,0,,,,,,excluded,No strict RNT seed is available under libxml2_xml_read_memory_fuzzer: source-guided external/literal parameter-entity inputs reached nearby XML parser canaries but did not reach XML010's xmlStringLenDecodeEntities external parameter entity branch.
XML011,magma,libxml2,libxml2_xml_read_memory_fuzzer,numeric-margin,true,artifacts/rnt_corpus/XML011,artifacts/rnt_corpus/XML011/metadata.csv,artifacts/rnt_corpus/XML011/manifest.json,artifacts/rnt_corpus/XML011/seeds,true,true,true,1,1,1,1,0,0,0,0,0,0,0,0,kept_rnt,formal_replay_verified_rnt,formal_replay_verified_rnt,computed,computed,formal_ready,
XML012,magma,libxml2,libxml2_xml_read_memory_fuzzer,numeric-margin,true,artifacts/rnt_corpus/XML012,artifacts/rnt_corpus/XML012/metadata.csv,artifacts/rnt_corpus/XML012/manifest.json,artifacts/rnt_corpus/XML012/seeds,true,true,true,2,2,2,2,0,0,0,0,0,0,0,0,kept_rnt,formal_replay_verified_rnt,formal_replay_verified_rnt,computed,computed,formal_ready,
XML013,magma,libxml2,libxml2_xml_read_memory_fuzzer,equality/magic,false,artifacts/rnt_corpus/XML013,artifacts/rnt_corpus/XML013/metadata.csv,artifacts/rnt_corpus/XML013/manifest.json,artifacts/rnt_corpus/XML013/seeds,false,false,false,0,0,0,0,0,0,0,0,0,0,0,0,,,,,,excluded,"No strict RNT seed is available under the current Magma runner: XML013 is logged in HTMLparser.c, but the selected runner libxml2_xml_read_memory_fuzzer calls xmlReadMemory and the configured xmllint runner does not use --html."
XML014,magma,libxml2,libxml2_xml_read_memory_fuzzer,numeric-margin,false,artifacts/rnt_corpus/XML014,artifacts/rnt_corpus/XML014/metadata.csv,artifacts/rnt_corpus/XML014/manifest.json,artifacts/rnt_corpus/XML014/seeds,false,false,false,0,0,0,0,0,0,0,0,0,0,0,0,,,,,,excluded,"No strict RNT seed is available under the current Magma runner: XML014 is logged in HTMLparser.c, but the selected runner libxml2_xml_read_memory_fuzzer calls xmlReadMemory and the configured xmllint runner does not use --html."
XML015,magma,libxml2,libxml2_xml_read_memory_fuzzer,numeric-margin,false,artifacts/rnt_corpus/XML015,artifacts/rnt_corpus/XML015/metadata.csv,artifacts/rnt_corpus/XML015/manifest.json,artifacts/rnt_corpus/XML015/seeds,false,false,false,0,0,0,0,0,0,0,0,0,0,0,0,,,,,,excluded,"No strict RNT seed is available under the current Magma runner: XML015 is logged in HTMLparser.c, but the selected runner libxml2_xml_read_memory_fuzzer calls xmlReadMemory and the configured xmllint runner does not use --html."
XML016,magma,libxml2,libxml2_xml_read_memory_fuzzer,numeric-margin,false,artifacts/rnt_corpus/XML016,artifacts/rnt_corpus/XML016/metadata.csv,artifacts/rnt_corpus/XML016/manifest.json,artifacts/rnt_corpus/XML016/seeds,false,false,false,0,0,0,0,0,0,0,0,0,0,0,0,,,,,,excluded,"No strict RNT seed is available under the selected runner: XML016 is logged in xmlregexp.c's XML Schema regular-expression compiler path, but the selected memory parser runner does not perform XML Schema validation/regexp compilation."
XML017,magma,libxml2,libxml2_xml_read_memory_fuzzer,equality/magic,true,artifacts/rnt_corpus/XML017,artifacts/rnt_corpus/XML017/metadata.csv,artifacts/rnt_corpus/XML017/manifest.json,artifacts/rnt_corpus/XML017/seeds,true,true,true,20,20,20,20,0,0,0,0,0,0,0,0,kept_rnt,formal_replay_verified_rnt,formal_replay_verified_rnt,computed,computed,formal_ready,
